{"cameraMode":{"drawMode":0,"name":"Shaded","section":"Shading Mode"},"sceneLighting":false,"audioPlay":false,"sceneViewState":{"m_AlwaysRefresh":false,"showFog":true,"showSkybox":false,"showFlares":true,"showImageEffects":true,"showParticleSystems":true,"showVisualEffectGraphs":true,"m_FxEnabled":true},"in2DMode":false,"pivot":{"x":-0.2571619749069214,"y":-4.031965732574463,"z":0.09383821487426758},"rotation":{"x":0.06861934810876847,"y":-0.02334780804812908,"z":-0.001596463262103498,"w":-0.9973942041397095},"size":2.0073928833007814,"orthographic":false}